,ts_code,trade_date,close,open,high,low,pre_close,change,pct_chg,vol,amount
0,000001.SH,20201210,3373.2758,3365.731,3384.8875,3357.7531,3371.964,1.3118,0.0389,247308304.0,321616357.2
1,000001.SH,20201209,3371.964,3416.0782,3422.536,3371.9156,3410.1771,-38.2131,-1.1206,260747424.0,339317806.3
2,000001.SH,20201208,3410.1771,3417.6936,3428.6618,3403.0263,3416.6037,-6.4266,-0.1881,226907328.0,304635033.5
3,000001.SH,20201207,3416.6037,3446.6478,3449.5782,3414.3142,3444.5814,-27.9777,-0.8122,254522508.0,336836800.3
4,000001.SH,20201204,3444.5814,3436.7291,3448.4036,3417.0484,3442.1359,2.4455,0.071,256276705.0,329393208.3
5,000001.SH,20201203,3442.1359,3448.5403,3452.1612,3428.8044,3449.3805,-7.2446,-0.21,298459930.0,352422286.6
6,000001.SH,20201202,3449.3805,3453.5181,3465.7288,3435.8712,3451.9384,-2.5579,-0.0741,312811114.0,383340845.1
7,000001.SH,20201201,3451.9384,3388.9867,3457.6354,3386.9113,3391.7551,60.1833,1.7744,316188980.0,385250751.3
8,000001.SH,20201130,3391.7551,3418.1583,3456.7365,3391.7551,3408.3071,-16.552,-0.4856,384989968.0,454500571.8
9,000001.SH,20201127,3408.3071,3373.8434,3408.3071,3364.4919,3369.7334,38.5737,1.1447,280649894.0,326069547.2
10,000001.SH,20201126,3369.7334,3360.0609,3371.4537,3344.2822,3362.3274,7.406,0.2203,255886822.0,317308635.0
11,000001.SH,20201125,3362.3274,3417.515,3423.4853,3362.3274,3402.8225,-40.4951,-1.19,322110207.0,383477785.2
12,000001.SH,20201124,3402.8225,3407.4087,3413.9263,3396.2436,3414.4899,-11.6674,-0.3417,300994144.0,359505804.9
13,000001.SH,20201123,3414.4899,3384.1039,3431.6529,3377.9862,3377.7267,36.7632,1.0884,373872047.0,431504375.6
14,000001.SH,20201120,3377.7267,3359.5966,3380.1489,3356.3086,3363.0876,14.6391,0.4353,261271219.0,312659789.1
15,000001.SH,20201119,3363.0876,3339.0864,3367.3328,3330.4496,3347.3034,15.7842,0.4715,253262992.0,319520194.5
16,000001.SH,20201118,3347.3034,3337.3315,3358.8938,3333.9916,3339.895,7.4084,0.2218,287531259.0,358745367.4
17,000001.SH,20201117,3339.895,3347.1513,3347.6979,3323.9506,3346.9692,-7.0742,-0.2114,283632479.0,353623369.9
18,000001.SH,20201116,3346.9692,3325.6209,3346.9692,3313.6469,3310.1046,36.8646,1.1137,279593761.0,333750600.1
19,000001.SH,20201113,3310.1046,3327.2293,3327.2293,3291.6425,3338.6788,-28.5742,-0.8559,227898364.0,301527966.9
20,000001.SH,20201112,3338.6788,3344.4562,3350.2848,3329.485,3342.2025,-3.5237,-0.1054,216501309.0,286927436.4
21,000001.SH,20201111,3342.2025,3354.0247,3365.836,3339.0407,3360.1485,-17.946,-0.5341,271204653.0,355802065.5
22,000001.SH,20201110,3360.1485,3387.6219,3387.6219,3346.1715,3373.7337,-13.5852,-0.4027,278701113.0,390008391.7
23,000001.SH,20201109,3373.7337,3329.4285,3380.8235,3329.4285,3312.159,61.5747,1.8591,310219771.0,429948921.9
24,000001.SH,20201106,3312.159,3326.4645,3326.4645,3292.1507,3320.1333,-7.9743,-0.2402,234864132.0,325485056.7
25,000001.SH,20201105,3320.1333,3305.5798,3320.408,3291.6,3277.4402,42.6931,1.3026,226801462.0,316292710.0
26,000001.SH,20201104,3277.4402,3273.4326,3286.6212,3254.1113,3271.0744,6.3658,0.1946,188514128.0,270723846.5
27,000001.SH,20201103,3271.0744,3239.8063,3278.3806,3237.8539,3225.1196,45.9548,1.4249,215297864.0,303730147.8
28,000001.SH,20201102,3225.1196,3228.715,3242.8041,3209.9094,3224.5325,0.5871,0.0182,226779137.0,325321869.1
29,000001.SH,20201030,3224.5325,3278.6312,3279.8563,3219.4216,3272.7274,-48.1949,-1.4726,230188803.0,328917241.6
30,000001.SH,20201029,3272.7274,3235.7647,3289.7655,3231.1243,3269.238,3.4894,0.1067,184703589.0,278605665.2
31,000001.SH,20201028,3269.238,3256.2225,3275.8714,3238.382,3254.3157,14.9223,0.4585,173181965.0,256213458.2
32,000001.SH,20201027,3254.3157,3240.7395,3258.3369,3235.5443,3251.1188,3.1969,0.0983,149115566.0,217487420.9
33,000001.SH,20201026,3251.1188,3258.7028,3264.4464,3226.6018,3277.9972,-26.8784,-0.82,167731795.0,235462468.4
34,000001.SH,20201023,3277.9972,3308.1581,3326.0489,3276.6197,3312.5005,-34.5033,-1.0416,174208982.0,249912883.3
35,000001.SH,20201022,3312.5005,3315.8206,3320.8787,3281.3662,3325.0247,-12.5242,-0.3767,165949987.0,236428248.9
36,000001.SH,20201021,3325.0247,3332.147,3332.147,3304.1693,3328.1029,-3.0782,-0.0925,177632115.0,246848139.0
37,000001.SH,20201020,3328.1029,3307.1498,3328.1029,3293.7662,3312.6671,15.4358,0.466,165084762.0,227823367.1
38,000001.SH,20201019,3312.6671,3351.0961,3371.0862,3307.8407,3336.3582,-23.6911,-0.7101,212303540.0,283882790.2
39,000001.SH,20201016,3336.3582,3334.4568,3348.9543,3319.11,3332.1832,4.175,0.1253,194295421.0,253448029.5
40,000001.SH,20201015,3332.1832,3342.9222,3354.5784,3330.0014,3340.7782,-8.595,-0.2573,191031282.0,263848674.0
41,000001.SH,20201014,3340.7782,3353.6247,3353.6247,3332.9635,3359.7499,-18.9717,-0.5647,198659382.0,281159984.7
42,000001.SH,20201013,3359.7499,3353.1213,3361.8315,3334.4989,3358.4652,1.2847,0.0383,204926103.0,288505837.5
43,000001.SH,20201012,3358.4652,3287.3281,3359.1526,3286.1111,3272.0762,86.389,2.6402,259622408.0,355700113.7
44,000001.SH,20201009,3272.0762,3262.6105,3280.5124,3260.1873,3218.0521,54.0241,1.6788,188325648.0,264171043.8
45,000001.SH,20200930,3218.0521,3232.7104,3244.9134,3202.3435,3224.3593,-6.3072,-0.1956,153504457.0,205762857.3
46,000001.SH,20200929,3224.3593,3231.8551,3242.7937,3219.7902,3217.5346,6.8247,0.2121,151349870.0,207307813.8
47,000001.SH,20200928,3217.5346,3224.9769,3238.1825,3210.8925,3219.4179,-1.8833,-0.0585,155982783.0,209672387.6
48,000001.SH,20200925,3219.4179,3234.3739,3239.4662,3208.0349,3223.1764,-3.7585,-0.1166,164822419.0,220674477.0
49,000001.SH,20200924,3223.1764,3262.879,3265.3451,3221.2365,3279.7105,-56.5341,-1.7238,206736011.0,258259919.7
50,000001.SH,20200923,3279.7105,3278.8358,3289.7624,3264.8907,3274.3015,5.409,0.1652,169178068.0,240742428.8
51,000001.SH,20200922,3274.3015,3290.6656,3320.2278,3265.7025,3316.9351,-42.6336,-1.2853,214015065.0,269113293.7
52,000001.SH,20200921,3316.9351,3348.8988,3350.5893,3313.0714,3338.0897,-21.1546,-0.6337,216503093.0,287691308.1
53,000001.SH,20200918,3338.0897,3270.911,3338.3243,3268.526,3270.435,67.6547,2.0687,256260788.0,337025892.9
54,000001.SH,20200917,3270.435,3277.3238,3290.4094,3248.499,3283.9244,-13.4894,-0.4108,202931972.0,279311053.4
55,000001.SH,20200916,3283.9244,3293.1678,3302.4556,3271.075,3295.6795,-11.7551,-0.3567,200443364.0,242270893.5
56,000001.SH,20200915,3295.6795,3277.1284,3297.6904,3263.7522,3278.8138,16.8657,0.5144,197684400.0,251763868.5
57,000001.SH,20200914,3278.8138,3275.9181,3283.5325,3261.1479,3260.3461,18.4677,0.5664,213924137.0,269219919.7
58,000001.SH,20200911,3260.3461,3225.7836,3262.4976,3220.5363,3234.8234,25.5227,0.789,221698830.0,254844994.3
59,000001.SH,20200910,3234.8234,3282.232,3285.4731,3227.6435,3254.6279,-19.8045,-0.6085,312472804.0,309676743.6
60,000001.SH,20200909,3254.6279,3280.9974,3289.6148,3238.5606,3316.417,-61.7891,-1.8631,351509747.0,341054534.1
61,000001.SH,20200908,3316.417,3301.2173,3324.3929,3276.4431,3292.5907,23.8263,0.7236,271066278.0,320229901.3
62,000001.SH,20200907,3292.5907,3349.9184,3368.2446,3285.6326,3355.3666,-62.7759,-1.8709,260616567.0,357726463.9
63,000001.SH,20200904,3355.3666,3336.4076,3360.1061,3328.5518,3384.9806,-29.614,-0.8749,221636550.0,308179657.6
64,000001.SH,20200903,3384.9806,3404.0319,3425.6294,3374.2634,3404.8017,-19.8211,-0.5822,255346279.0,350706563.9
65,000001.SH,20200902,3404.8017,3420.4693,3421.3959,3377.2111,3410.6068,-5.8051,-0.1702,261546319.0,345638982.3
66,000001.SH,20200901,3410.6068,3389.7424,3410.6068,3381.7108,3395.6775,14.9293,0.4397,246999249.0,326850955.3
67,000001.SH,20200831,3395.6775,3416.5497,3442.7363,3395.4675,3403.8066,-8.1291,-0.2388,323473890.0,436930125.4
68,000001.SH,20200828,3403.8066,3346.2893,3405.8768,3339.6494,3350.1128,53.6938,1.6027,271325549.0,379367046.4
69,000001.SH,20200827,3350.1128,3333.4909,3351.8324,3312.9859,3329.7388,20.374,0.6119,237099353.0,317153391.5
70,000001.SH,20200826,3329.7388,3371.8083,3382.6032,3320.1355,3373.5781,-43.8393,-1.2995,294451036.0,381928906.6
71,000001.SH,20200825,3373.5781,3392.8797,3408.8697,3364.1602,3385.6383,-12.0602,-0.3562,277113421.0,355997790.8
72,000001.SH,20200824,3385.6383,3391.1132,3396.5663,3368.0258,3380.6825,4.9558,0.1466,266227841.0,345683380.0
73,000001.SH,20200821,3380.6825,3380.2269,3393.9175,3358.0005,3363.8988,16.7837,0.4989,287488340.0,361281752.7
74,000001.SH,20200820,3363.8988,3385.9645,3394.557,3352.7767,3408.1288,-44.23,-1.2978,335600982.0,401815550.1
75,000001.SH,20200819,3408.1288,3444.5646,3454.4613,3406.1642,3451.0894,-42.9606,-1.2448,405722214.0,498262158.3
76,000001.SH,20200818,3451.0894,3441.9337,3456.7206,3432.6402,3438.801,12.2884,0.3573,380729275.0,493052155.3
77,000001.SH,20200817,3438.801,3373.9018,3450.8987,3369.3742,3360.0988,78.7022,2.3423,434598260.0,537425075.1
78,000001.SH,20200814,3360.0988,3315.6687,3362.0267,3302.7357,3320.7261,39.3727,1.1857,305998376.0,367467421.7
79,000001.SH,20200813,3320.7261,3328.1754,3338.1518,3309.4629,3319.2656,1.4605,0.044,324291278.0,387162288.6
80,000001.SH,20200812,3319.2656,3327.4929,3335.729,3263.2653,3340.29,-21.0244,-0.6294,378328959.0,480731246.1
81,000001.SH,20200811,3340.29,3379.4874,3409.0589,3336.0945,3379.2524,-38.9624,-1.153,400452706.0,514020764.1
82,000001.SH,20200810,3379.2524,3341.5276,3399.9323,3335.0427,3354.0352,25.2172,0.7518,381379630.0,527083944.6
83,000001.SH,20200807,3354.0352,3370.5878,3374.133,3307.7127,3386.4631,-32.4279,-0.9576,403929633.0,561435649.6
84,000001.SH,20200806,3386.4631,3380.7621,3392.7048,3334.3341,3377.5648,8.8983,0.2635,415302510.0,570488248.1
85,000001.SH,20200805,3377.5648,3363.3324,3383.6365,3333.877,3371.6875,5.8773,0.1743,385823027.0,526515054.7
86,000001.SH,20200804,3371.6875,3376.4402,3391.0743,3352.5017,3367.9658,3.7217,0.1105,442328551.0,604942141.5
87,000001.SH,20200803,3367.9658,3332.1826,3368.1028,3327.6773,3310.0065,57.9593,1.751,407460867.0,572430759.8
88,000001.SH,20200731,3310.0065,3280.7959,3333.7859,3261.6135,3286.822,23.1845,0.7054,353758979.0,495778040.7
89,000001.SH,20200730,3286.822,3299.5718,3312.4508,3282.1617,3294.5521,-7.7301,-0.2346,340704121.0,476974005.6
90,000001.SH,20200729,3294.5521,3221.9883,3294.5521,3209.9902,3227.9604,66.5917,2.063,324924062.0,453094399.5
91,000001.SH,20200728,3227.9604,3226.1329,3245.2967,3208.4939,3205.2268,22.7336,0.7093,289377861.0,389873696.2
92,000001.SH,20200727,3205.2268,3210.3863,3221.9846,3174.6583,3196.7684,8.4584,0.2646,299319021.0,402231919.3
93,000001.SH,20200724,3196.7684,3310.6449,3319.1268,3184.9645,3325.1102,-128.3418,-3.8598,427054026.0,584311865.0
94,000001.SH,20200723,3325.1102,3306.1489,3336.3002,3257.8269,3333.1635,-8.0533,-0.2416,407042499.0,546887089.7
95,000001.SH,20200722,3333.1635,3315.1816,3381.9757,3311.7862,3320.8947,12.2688,0.3694,393335335.0,540577040.6
96,000001.SH,20200721,3320.8947,3330.5467,3336.6791,3300.5719,3314.149,6.7457,0.2035,359252029.0,488862180.4
97,000001.SH,20200720,3314.149,3243.9105,3314.149,3220.684,3214.1287,100.0203,3.1119,418555306.0,544045656.2
98,000001.SH,20200717,3214.1287,3214.4022,3252.7786,3181.2745,3210.0986,4.0301,0.1255,359652413.0,486536118.3
99,000001.SH,20200716,3210.0986,3356.359,3373.5317,3209.7272,3361.3044,-151.2058,-4.4984,490613123.0,679468340.6
100,000001.SH,20200715,3361.3044,3422.0778,3432.4506,3345.7488,3414.6186,-53.3142,-1.5614,492030542.0,674727409.8
101,000001.SH,20200714,3414.6186,3435.0237,3451.2224,3366.0828,3443.2863,-28.6677,-0.8326,543211492.0,707327005.2
102,000001.SH,20200713,3443.2863,3379.3867,3458.7914,3369.0378,3383.3222,59.9641,1.7723,558006875.0,717397053.1
103,000001.SH,20200710,3383.3222,3418.9347,3433.1085,3372.5066,3450.5935,-67.2713,-1.9496,556120011.0,703197550.4
104,000001.SH,20200709,3450.5935,3403.4832,3456.9721,3393.6379,3403.4401,47.1534,1.3855,620001823.0,751406830.4
105,000001.SH,20200708,3403.4401,3337.5518,3421.5312,3327.7062,3345.3369,58.1032,1.7368,587081685.0,696807634.5
106,000001.SH,20200707,3345.3369,3380.9536,3407.0811,3336.2416,3332.8807,12.4562,0.3737,657840159.0,793638372.4
107,000001.SH,20200706,3332.8807,3187.8393,3337.2723,3187.8393,3152.8126,180.0681,5.7113,643878906.0,724153675.7
108,000001.SH,20200703,3152.8126,3103.9952,3152.8126,3103.9952,3090.5693,62.2433,2.014,458793851.0,535489334.7
109,000001.SH,20200702,3090.5693,3023.7189,3092.4432,3021.6736,3025.981,64.5883,2.1345,391127996.0,478216482.3
110,000001.SH,20200701,3025.981,2991.1813,3026.1862,2984.9841,2984.6741,41.3069,1.384,273313140.0,369883802.3
111,000001.SH,20200630,2984.6741,2965.1054,2990.8253,2965.1054,2961.5164,23.1577,0.782,214957214.0,297312328.4
112,000001.SH,20200629,2961.5164,2973.0757,2977.9122,2951.7702,2979.5505,-18.0341,-0.6053,220622729.0,293886016.0
113,000001.SH,20200624,2979.5505,2972.9827,2982.9425,2971.2235,2970.6203,8.9302,0.3006,213200732.0,297008784.1
114,000001.SH,20200623,2970.6203,2960.8875,2972.4025,2949.8469,2965.2717,5.3486,0.1804,225212208.0,305378770.5
115,000001.SH,20200622,2965.2717,2966.9008,2983.4382,2959.035,2967.6341,-2.3624,-0.0796,267883834.0,346028748.4
116,000001.SH,20200619,2967.6341,2938.7887,2973.3164,2935.8239,2939.3151,28.319,0.9635,264313961.0,319089106.6
117,000001.SH,20200618,2939.3151,2929.8799,2942.8983,2920.1054,2935.873,3.4421,0.1172,258691377.0,289367727.8
118,000001.SH,20200617,2935.873,2932.6708,2936.6162,2919.0353,2931.7493,4.1237,0.1407,234654391.0,278007110.7
119,000001.SH,20200616,2931.7493,2912.8251,2931.7791,2909.1341,2890.0306,41.7187,1.4435,223313065.0,270948558.5
120,000001.SH,20200615,2890.0306,2908.2767,2922.5364,2890.0306,2919.7408,-29.7102,-1.0176,243205046.0,293361556.8
121,000001.SH,20200612,2919.7408,2876.8029,2930.255,2872.6165,2920.8968,-1.156,-0.0396,236008642.0,274321726.2
122,000001.SH,20200611,2920.8968,2939.7914,2952.651,2912.1932,2943.7525,-22.8557,-0.7764,233722947.0,289023256.1
123,000001.SH,20200610,2943.7525,2951.2784,2951.3298,2934.8428,2956.1116,-12.3591,-0.4181,207925969.0,243968496.5
124,000001.SH,20200609,2956.1116,2939.5351,2957.1186,2932.9385,2937.7712,18.3404,0.6243,209048585.0,251414696.2
125,000001.SH,20200608,2937.7712,2941.9816,2950.0656,2934.2103,2930.7993,6.9719,0.2379,231124360.0,274611815.6
126,000001.SH,20200605,2930.7993,2923.1891,2930.7993,2909.1181,2919.2506,11.5487,0.3956,217360673.0,253141142.5
127,000001.SH,20200604,2919.2506,2931.8376,2932.9677,2910.7516,2923.3711,-4.1205,-0.141,226605873.0,254345984.5
128,000001.SH,20200603,2923.3711,2930.3906,2942.7597,2922.6612,2921.398,1.9731,0.0675,255663980.0,300447817.0
129,000001.SH,20200602,2921.398,2916.3168,2926.3588,2909.1277,2915.4311,5.9669,0.2047,256108049.0,294402745.9
130,000001.SH,20200601,2915.4311,2871.9641,2917.1508,2871.9641,2852.3512,63.0799,2.2115,260196050.0,307416215.1
131,000001.SH,20200529,2852.3512,2835.584,2855.3756,2829.6271,2846.2217,6.1295,0.2154,206792804.0,233798996.6
132,000001.SH,20200528,2846.2217,2838.2072,2861.9241,2820.1455,2836.8036,9.4181,0.332,207546019.0,239234260.6
133,000001.SH,20200527,2836.8036,2847.3198,2848.9965,2831.9281,2846.5473,-9.7437,-0.3423,198149343.0,227934395.7
134,000001.SH,20200526,2846.5473,2827.8967,2848.3371,2825.901,2817.9697,28.5776,1.0141,174562369.0,207427833.7
135,000001.SH,20200525,2817.9697,2816.241,2821.4978,2802.4653,2813.7654,4.2043,0.1494,172885557.0,202115352.6
136,000001.SH,20200522,2813.7654,2863.0462,2863.0462,2808.0177,2867.9237,-54.1583,-1.8884,209063712.0,245229603.7
137,000001.SH,20200521,2867.9237,2890.7213,2891.5177,2864.2073,2883.7378,-15.8141,-0.5484,203532038.0,250569937.6
138,000001.SH,20200520,2883.7378,2896.4657,2896.4657,2876.1766,2898.576,-14.8382,-0.5119,210519985.0,269176553.6
139,000001.SH,20200519,2898.576,2897.6867,2900.2187,2887.5768,2875.4176,23.1584,0.8054,197222405.0,256277803.1
140,000001.SH,20200518,2875.4176,2872.5244,2889.9795,2862.2709,2868.4587,6.9589,0.2426,226022882.0,289089595.5
141,000001.SH,20200515,2868.4587,2880.7067,2884.2199,2863.3698,2870.3422,-1.8835,-0.0656,188983592.0,246878191.1
142,000001.SH,20200514,2870.3422,2887.0577,2887.0577,2869.1832,2898.0495,-27.7073,-0.9561,197776202.0,237336974.7
143,000001.SH,20200513,2898.0495,2882.9552,2900.2587,2875.5354,2891.5564,6.4931,0.2246,185061310.0,223866906.9
144,000001.SH,20200512,2891.5564,2894.6171,2897.9018,2871.23,2894.802,-3.2456,-0.1121,197082985.0,238476218.8
145,000001.SH,20200511,2894.802,2901.5739,2914.2838,2884.3806,2895.3444,-0.5424,-0.0187,225120410.0,271930641.5
146,000001.SH,20200508,2895.3444,2882.7078,2903.7967,2879.2034,2871.5232,23.8212,0.8296,226822075.0,276562717.0
147,000001.SH,20200507,2871.5232,2876.4727,2882.0222,2864.5813,2878.1402,-6.617,-0.2299,226736957.0,268607485.3
148,000001.SH,20200506,2878.1402,2831.6326,2879.2634,2830.6536,2860.0822,18.058,0.6314,249826616.0,303890031.0
149,000001.SH,20200430,2860.0822,2832.3843,2865.59,2832.3843,2822.4424,37.6398,1.3336,242455278.0,277440934.0
150,000001.SH,20200429,2822.4424,2801.383,2831.7642,2800.7379,2810.0243,12.4181,0.4419,202061807.0,222720221.7
151,000001.SH,20200428,2810.0243,2819.9914,2821.745,2758.2459,2815.4947,-5.4704,-0.1943,253872745.0,270534752.6
152,000001.SH,20200427,2815.4947,2812.2422,2832.6662,2802.9579,2808.5293,6.9654,0.248,210130981.0,225293706.3
153,000001.SH,20200424,2808.5293,2834.9387,2834.9387,2802.4989,2838.4994,-29.9701,-1.0558,235185076.0,244122291.5
154,000001.SH,20200423,2838.4994,2850.5104,2853.6357,2835.8961,2843.9804,-5.481,-0.1927,248779037.0,262662040.5
155,000001.SH,20200422,2843.9804,2814.0661,2843.9804,2808.4819,2827.0133,16.9671,0.6002,217320000.0,232796777.8
156,000001.SH,20200421,2827.0133,2842.2372,2842.2372,2808.0214,2852.5528,-25.5395,-0.8953,233235870.0,248688585.7
157,000001.SH,20200420,2852.5528,2840.4085,2852.99,2833.2615,2838.4945,14.0583,0.4953,211847078.0,233759313.2
158,000001.SH,20200417,2838.4945,2835.5581,2854.9599,2830.0217,2819.935,18.5595,0.6582,245736750.0,280025229.1
159,000001.SH,20200416,2819.935,2798.4295,2823.3382,2796.8388,2811.1741,8.7609,0.3116,203003773.0,222432600.9
160,000001.SH,20200415,2811.1741,2826.6618,2829.7503,2808.7039,2827.283,-16.1089,-0.5698,205621146.0,231631632.2
161,000001.SH,20200414,2827.283,2794.801,2827.2981,2789.4279,2783.0476,44.2354,1.5895,202696569.0,223605697.3
162,000001.SH,20200413,2783.0476,2784.5979,2792.8906,2774.0808,2796.6312,-13.5836,-0.4857,177124554.0,184120284.1
163,000001.SH,20200410,2796.6312,2827.1873,2833.0148,2789.9756,2825.9036,-29.2724,-1.0359,233454768.0,246376307.2
164,000001.SH,20200409,2825.9036,2825.8393,2832.395,2820.4326,2815.3686,10.535,0.3742,238184843.0,247392988.0
165,000001.SH,20200408,2815.3686,2805.9166,2823.2139,2800.2963,2820.7634,-5.3948,-0.1913,243515305.0,253159668.1
166,000001.SH,20200407,2820.7634,2806.9676,2823.2767,2801.8386,2763.9874,56.776,2.0541,270198186.0,286627794.3
167,000001.SH,20200403,2763.9874,2773.5764,2780.5868,2754.0731,2780.6379,-16.6505,-0.5988,200837404.0,214062212.0
168,000001.SH,20200402,2780.6379,2720.2284,2780.6379,2719.9043,2734.5215,46.1164,1.6865,217864600.0,233111575.7
169,000001.SH,20200401,2734.5215,2743.5409,2773.3641,2731.0794,2750.2962,-15.7747,-0.5736,217253427.0,225624646.6
170,000001.SH,20200331,2750.2962,2767.3072,2771.1683,2743.1154,2747.2138,3.0824,0.1122,218598674.0,224271061.6
171,000001.SH,20200330,2747.2138,2739.7191,2759.0989,2723.0543,2772.2033,-24.9895,-0.9014,239706604.0,250687144.2
172,000001.SH,20200327,2772.2033,2792.9843,2805.5479,2771.7563,2764.9109,7.2924,0.2637,240764066.0,253630725.9
173,000001.SH,20200326,2764.9109,2761.8961,2788.5038,2753.4282,2781.5913,-16.6804,-0.5997,234084022.0,248279785.0
174,000001.SH,20200325,2781.5913,2775.3032,2788.6354,2757.8016,2722.4381,59.1532,2.1728,273144466.0,293191204.4
175,000001.SH,20200324,2722.4381,2703.0193,2723.4066,2667.1333,2660.1673,62.2708,2.3409,257021930.0,278999306.6
176,000001.SH,20200323,2660.1674,2677.591,2703.3295,2656.5008,2745.6182,-85.4508,-3.1123,249820250.0,268423242.0
177,000001.SH,20200320,2745.6182,2727.0186,2751.8964,2702.4933,2702.1296,43.4886,1.6094,252019507.0,281583369.7
178,000001.SH,20200319,2702.1296,2719.4063,2736.82,2646.8048,2728.7563,-26.6267,-0.9758,302302747.0,330518008.5
179,000001.SH,20200318,2728.7563,2792.3221,2815.8737,2728.7563,2779.6407,-50.8844,-1.8306,291159852.0,318611391.6
180,000001.SH,20200317,2779.6407,2796.284,2826.9068,2715.2213,2789.2537,-9.613,-0.3446,306149677.0,323012822.8
181,000001.SH,20200316,2789.2537,2897.3009,2898.0349,2784.6616,2887.4265,-98.1728,-3.4,351878665.0,375627000.8
182,000001.SH,20200313,2887.4265,2804.2322,2910.8812,2799.9841,2923.4856,-36.0591,-1.2334,366450436.0,393019665.2
183,000001.SH,20200312,2923.4856,2936.0163,2944.4651,2906.2838,2968.5174,-45.0318,-1.517,307778457.0,328209202.4
184,000001.SH,20200311,2968.5174,3001.7616,3010.0286,2968.5174,2996.7618,-28.2444,-0.9425,352470970.0,378766619.0
185,000001.SH,20200310,2996.7618,2918.9347,3000.2963,2904.7989,2943.2907,53.4711,1.8167,393296648.0,425017184.8
186,000001.SH,20200309,2943.2907,2987.1805,2989.2051,2940.7138,3034.5113,-91.2206,-3.0061,414560736.0,438143854.6
187,000001.SH,20200306,3034.5113,3039.9395,3052.4439,3029.4632,3071.6771,-37.1658,-1.21,362061533.0,377388542.7
188,000001.SH,20200305,3071.6771,3036.1545,3074.2571,3022.9262,3011.6657,60.0114,1.9926,445425806.0,482770471.4
189,000001.SH,20200304,3011.6657,2981.806,3012.0035,2974.3583,2992.8968,18.7689,0.6271,353338278.0,389893917.5
190,000001.SH,20200303,2992.8968,3006.8888,3026.842,2976.623,2970.9312,21.9656,0.7394,410108047.0,447053681.5
191,000001.SH,20200302,2970.9312,2899.31,2982.5068,2899.31,2880.3038,90.6274,3.1465,367333369.0,397244201.2
192,000001.SH,20200228,2880.3038,2924.6407,2948.1261,2878.5443,2991.3288,-111.025,-3.7116,401216914.0,432657775.0
193,000001.SH,20200227,2991.3288,2992.4919,3009.4575,2980.4774,2987.9287,3.4001,0.1138,350523658.0,395955641.5
194,000001.SH,20200226,2987.9287,2978.4195,3028.7788,2974.9423,3013.0501,-25.1214,-0.8338,469049552.0,495341447.3
195,000001.SH,20200225,3013.0501,2982.0696,3016.9458,2943.7168,3031.2333,-18.1832,-0.5999,441622762.0,513128644.6
196,000001.SH,20200224,3031.2333,3027.8925,3042.1821,3007.3557,3039.6692,-8.4359,-0.2775,370430044.0,451601363.1
197,000001.SH,20200221,3039.6692,3022.2455,3058.898,3020.141,3030.1542,9.515,0.314,364557276.0,445062076.7
198,000001.SH,20200220,3030.1542,2981.8802,3031.3706,2968.4451,2975.4019,54.7523,1.8402,345732881.0,413761364.1
199,000001.SH,20200219,2975.4019,2979.5223,2998.2718,2971.8219,2984.9716,-9.5697,-0.3206,315141151.0,381331160.4
200,000001.SH,20200218,2984.9716,2981.4097,2990.6003,2960.7751,2983.6224,1.3492,0.0452,311665913.0,374998562.6
201,000001.SH,20200217,2983.6224,2924.9913,2983.6371,2924.9913,2917.0077,66.6147,2.2837,313198007.0,367014340.1
202,000001.SH,20200214,2917.0077,2899.8659,2926.9427,2899.5739,2906.0735,10.9342,0.3763,250650627.0,308080368.7
203,000001.SH,20200213,2906.0735,2927.1443,2935.406,2901.2425,2926.8991,-20.8256,-0.7115,274804844.0,334526327.4
204,000001.SH,20200212,2926.8991,2895.5561,2926.8991,2892.424,2901.6744,25.2247,0.8693,248733429.0,297534420.5
205,000001.SH,20200211,2901.6744,2894.5414,2913.8159,2882.2428,2890.4878,11.1866,0.387,269168335.0,302956847.2
206,000001.SH,20200210,2890.4878,2860.499,2891.8479,2851.0503,2875.9636,14.5242,0.505,294929784.0,341520398.3
207,000001.SH,20200207,2875.9636,2858.9324,2875.9636,2838.7702,2866.5097,9.4539,0.3298,309479642.0,362384162.5
208,000001.SH,20200206,2866.5097,2826.8851,2876.5878,2807.609,2818.0878,48.4219,1.7183,316392142.0,358582589.7
209,000001.SH,20200205,2818.0878,2792.3713,2842.7426,2778.8641,2783.2875,34.8003,1.2503,309761823.0,349184114.8
210,000001.SH,20200204,2783.2875,2685.2693,2786.1642,2685.2693,2746.6056,36.6819,1.3355,364046200.0,374068466.8
211,000001.SH,20200203,2746.6056,2716.6978,2766.5773,2716.6978,2976.5281,-229.9225,-7.7245,215912103.0,257019597.4
212,000001.SH,20200123,2976.5281,3037.9524,3045.0406,2955.346,3060.7545,-84.2264,-2.7518,272763234.0,327490360.4
213,000001.SH,20200122,3060.7545,3038.4868,3069.2527,3006.2677,3052.1419,8.6126,0.2822,223852865.0,278456924.0
214,000001.SH,20200121,3052.1419,3085.7895,3085.7895,3051.2301,3095.7873,-43.6454,-1.4098,234830739.0,286268098.2
215,000001.SH,20200120,3095.7873,3082.1134,3096.3105,3070.4801,3075.4955,20.2918,0.6598,210493341.0,271122455.4
216,000001.SH,20200117,3075.4955,3081.4641,3091.9516,3067.2525,3074.0814,1.4141,0.046,190304299.0,242273045.3
217,000001.SH,20200116,3074.0814,3095.7342,3096.3717,3070.884,3090.0379,-15.9565,-0.5164,203375475.0,236843360.1
218,000001.SH,20200115,3090.0379,3103.1749,3107.9426,3082.0425,3106.8204,-16.7825,-0.5402,202313023.0,232913446.7
219,000001.SH,20200114,3106.8204,3120.6669,3127.1692,3105.6049,3115.5696,-8.7492,-0.2808,229973769.0,271542441.4
220,000001.SH,20200113,3115.5696,3091.493,3115.5696,3075.3837,3092.2907,23.2789,0.7528,210621004.0,258524058.0
221,000001.SH,20200110,3092.2907,3102.2938,3105.2248,3081.3961,3094.8819,-2.5912,-0.0837,210442462.0,241555668.1
222,000001.SH,20200109,3094.8819,3082.6398,3097.3291,3080.1313,3066.8925,27.9894,0.9126,243435649.0,271716020.9
223,000001.SH,20200108,3066.8925,3094.2389,3094.2389,3059.1313,3104.8015,-37.909,-1.221,297872553.0,306517394.5
224,000001.SH,20200107,3104.8015,3085.4882,3105.4507,3084.329,3083.4083,21.3932,0.6938,276583111.0,288159227.7
225,000001.SH,20200106,3083.4083,3070.9088,3107.2032,3065.3088,3083.7858,-0.3775,-0.0122,312575842.0,331182549.9
226,000001.SH,20200103,3083.7858,3089.022,3093.8192,3074.5178,3085.1976,-1.4118,-0.0458,261496667.0,289991708.4
227,000001.SH,20200102,3085.1976,3066.3357,3098.1001,3066.3357,3050.124,35.0736,1.1499,292470208.0,327197122.6
228,000001.SH,20191231,3050.124,3036.3858,3051.677,3030.5122,3040.0239,10.1001,0.3322,217429022.0,226763991.3
229,000001.SH,20191230,3040.0239,2998.1689,3041.3969,2983.3436,3005.0355,34.9884,1.1643,248066530.0,267382994.4
230,000001.SH,20191227,3005.0355,3006.8517,3036.1127,3003.6309,3007.3546,-2.3191,-0.0771,247102779.0,258118739.4
231,000001.SH,20191226,3007.3546,2981.2485,3007.3546,2980.3966,2981.8805,25.4741,0.8543,182440426.0,195586079.1
232,000001.SH,20191225,2981.8805,2980.4276,2988.2924,2970.6572,2982.6806,-0.8001,-0.0268,175654028.0,189608562.7
233,000001.SH,20191224,2982.6806,2965.8258,2983.8194,2960.6839,2962.7513,19.9293,0.6727,163030250.0,167366667.3
234,000001.SH,20191223,2962.7513,2999.0357,3009.338,2960.435,3004.9376,-42.1863,-1.4039,205716617.0,218484273.1
235,000001.SH,20191220,3004.9376,3019.6395,3027.4835,3002.2601,3017.0658,-12.1282,-0.402,215075755.0,223305036.0
236,000001.SH,20191219,3017.0658,3017.153,3021.4176,3007.992,3017.0444,0.0214,0.0007,208624264.0,220688292.4
237,000001.SH,20191218,3017.0444,3021.4657,3033.2337,3011.7207,3022.4219,-5.3775,-0.1779,244089691.0,259173631.8
238,000001.SH,20191217,3022.4219,2985.2619,3039.3834,2982.4956,2984.3925,38.0294,1.2743,293032254.0,302090897.5
239,000001.SH,20191216,2984.3925,2970.9694,2984.6414,2958.7064,2967.6764,16.7161,0.5633,211862119.0,237666763.2
240,000001.SH,20191213,2967.6764,2937.7763,2969.9809,2935.849,2915.6983,51.9781,1.7827,211978585.0,234036541.4
241,000001.SH,20191212,2915.698,2926.3416,2926.3416,2913.4755,2924.4173,-8.485,-0.2901,151534230.0,165845540.1
242,000001.SH,20191211,2924.4173,2922.602,2928.2564,2915.0008,2917.3157,7.1016,0.2434,165541087.0,175716091.7
243,000001.SH,20191210,2917.3157,2908.9439,2919.2011,2902.7896,2914.4775,2.8382,0.0974,170123998.0,180617291.5
244,000001.SH,20191209,2914.4775,2914.4576,2919.5888,2905.2503,2912.0136,2.4639,0.0846,160796527.0,174546478.2
245,000001.SH,20191206,2912.0136,2902.278,2912.0136,2894.7513,2899.4685,12.5451,0.4327,134128878.0,149507333.3
246,000001.SH,20191205,2899.4685,2886.5164,2902.002,2885.0798,2878.1157,21.3528,0.7419,143163096.0,159736592.3
247,000001.SH,20191204,2878.1157,2876.9079,2882.4981,2869.4219,2884.6988,-6.5831,-0.2282,125543653.0,135879221.5
248,000001.SH,20191203,2884.6988,2869.8822,2884.8559,2857.3204,2875.8072,8.8916,0.3092,123778742.0,135278611.9
249,000001.SH,20191202,2875.8072,2874.4484,2888.8897,2870.2424,2871.9813,3.8259,0.1332,128755806.0,139351761.5
250,000001.SH,20191129,2871.9813,2885.9744,2892.3882,2858.5808,2889.6934,-17.7121,-0.6129,122612968.0,140371316.4
251,000001.SH,20191128,2889.6934,2902.3644,2909.8398,2883.4339,2903.1947,-13.5013,-0.465,119522468.0,122616545.2
252,000001.SH,20191127,2903.1947,2905.3959,2914.4865,2893.4175,2907.0602,-3.8655,-0.133,133862205.0,137449697.2
253,000001.SH,20191126,2907.0602,2912.5209,2915.0411,2897.9276,2906.1688,0.8914,0.0307,170004663.0,165496766.2
254,000001.SH,20191125,2906.1688,2885.6133,2906.6091,2880.6542,2885.2884,20.8804,0.7237,178587429.0,174234583.3
255,000001.SH,20191122,2885.2884,2906.2433,2925.0178,2873.99,2903.6379,-18.3495,-0.6319,158623365.0,180593829.2
256,000001.SH,20191121,2903.6379,2902.5529,2910.3608,2891.5314,2911.0534,-7.4155,-0.2547,123458607.0,139851207.9
257,000001.SH,20191120,2911.0534,2928.1068,2930.4929,2907.4229,2933.9908,-22.9374,-0.7818,137357530.0,158543195.6
258,000001.SH,20191119,2933.9908,2904.2783,2933.9908,2902.855,2909.2002,24.7906,0.8521,135417604.0,155770741.3
259,000001.SH,20191118,2909.2002,2889.5495,2911.3784,2884.0883,2891.3431,17.8571,0.6176,124433177.0,144677413.7
260,000001.SH,20191115,2891.3431,2911.35,2917.8293,2891.2043,2909.8697,-18.5266,-0.6367,135519463.0,152576392.7
261,000001.SH,20191114,2909.8697,2907.7358,2917.374,2899.6186,2905.2409,4.6288,0.1593,129145448.0,151576183.4
262,000001.SH,20191113,2905.2409,2913.0197,2913.8612,2893.9712,2914.8232,-9.5823,-0.3287,129765841.0,146943636.7
263,000001.SH,20191112,2914.8232,2912.9956,2918.303,2891.5105,2909.9746,4.8486,0.1666,129729154.0,139060726.2
264,000001.SH,20191111,2909.9746,2949.9619,2949.9619,2906.769,2964.1849,-54.2103,-1.8288,157916105.0,166285140.3
265,000001.SH,20191108,2964.1849,2993.9773,2998.7594,2962.8447,2978.7144,-14.5295,-0.4878,149742107.0,173867227.2
266,000001.SH,20191107,2978.7144,2978.1531,2988.955,2969.1201,2978.5955,0.1189,0.004,136952678.0,155834877.7
267,000001.SH,20191106,2978.5955,2992.0399,2995.5629,2969.7242,2991.5622,-12.9667,-0.4334,165263547.0,183985236.2
268,000001.SH,20191105,2991.5622,2977.7048,3008.3144,2968.0324,2975.4919,16.0703,0.5401,179891593.0,203691630.2
269,000001.SH,20191104,2975.4919,2964.576,2983.0581,2964.576,2958.1992,17.2927,0.5846,167248364.0,188710094.7
270,000001.SH,20191101,2958.1992,2924.3402,2959.833,2917.1455,2929.0561,29.1431,0.995,159907373.0,175630839.1
271,000001.SH,20191031,2929.0561,2944.8427,2946.7523,2923.5167,2939.3209,-10.2648,-0.3492,161571483.0,181801937.4
272,000001.SH,20191030,2939.3209,2949.4631,2953.2986,2934.8279,2954.176,-14.8551,-0.5029,158798110.0,181529501.3
273,000001.SH,20191029,2954.176,2979.0365,2979.0365,2954.176,2980.0498,-25.8738,-0.8682,166110058.0,195288081.6
274,000001.SH,20191028,2980.0498,2958.686,2980.128,2956.9607,2954.9327,25.1171,0.85,173731481.0,198817012.2
275,000001.SH,20191025,2954.9327,2940.4741,2958.2409,2920.5195,2940.9215,14.0112,0.4764,136860706.0,160224090.6
276,000001.SH,20191024,2940.9215,2944.0067,2953.0441,2927.0612,2941.6188,-0.6973,-0.0237,126540290.0,141667233.0
277,000001.SH,20191023,2941.6188,2952.9693,2957.2995,2934.6274,2954.3799,-12.7611,-0.4319,123812881.0,139653650.5
278,000001.SH,20191022,2954.3799,2945.6001,2954.6415,2934.3873,2939.6179,14.762,0.5022,117482048.0,130381741.2
279,000001.SH,20191021,2939.6179,2933.8969,2940.3246,2917.6884,2938.1413,1.4766,0.0503,132475107.0,145685881.2
280,000001.SH,20191018,2938.1413,2982.3417,2987.2035,2933.2424,2977.3342,-39.1929,-1.3164,149990678.0,162018272.3
281,000001.SH,20191017,2977.3342,2979.9929,2986.7191,2969.568,2978.7124,-1.3782,-0.0463,122527614.0,136051252.1
282,000001.SH,20191016,2978.7124,2992.6103,3010.4241,2975.9233,2991.0459,-12.3335,-0.4123,149885496.0,166791549.4
283,000001.SH,20191015,2991.0459,3005.6646,3005.6646,2986.3033,3007.8834,-16.8375,-0.5598,155376904.0,169531932.5
284,000001.SH,20191014,3007.8834,2993.9617,3026.3834,2989.8125,2973.6558,34.2276,1.151,208614802.0,221201755.7
285,000001.SH,20191011,2973.6558,2954.8189,2980.7875,2943.0137,2947.7106,25.9452,0.8802,161203746.0,182747393.1
286,000001.SH,20191010,2947.7106,2923.7069,2949.2404,2918.2284,2924.8566,22.854,0.7814,134239752.0,157159976.8
287,000001.SH,20191009,2924.8566,2902.0751,2924.8566,2891.5394,2913.5704,11.2862,0.3874,130424144.0,150940230.8
288,000001.SH,20191008,2913.5704,2905.7559,2933.0163,2905.7559,2905.1892,8.3812,0.2885,125535812.0,151980792.0
289,000001.SH,20190930,2905.1892,2927.9165,2936.482,2905.1892,2932.167,-26.9778,-0.9201,116646811.0,142591702.5
290,000001.SH,20190927,2932.167,2929.486,2939.0789,2920.93,2929.0875,3.4616,0.1182,132905777.0,153311002.4
291,000001.SH,20190926,2929.0875,2964.4776,2970.0354,2928.2589,2955.4325,-26.345,-0.8914,188932541.0,216277562.9
292,000001.SH,20190925,2955.4325,2977.6676,2977.6676,2955.4325,2985.3406,-29.9081,-1.0018,168543135.0,203782754.2
293,000001.SH,20190924,2985.3406,2979.4752,3002.8967,2973.7601,2977.0767,8.2639,0.2776,163902761.0,206245805.6
294,000001.SH,20190923,2977.0767,2998.3995,2998.3995,2960.827,3006.4467,-29.37,-0.9769,168139450.0,199130548.8
295,000001.SH,20190920,3006.4467,3004.8142,3011.34,2996.1929,2999.2789,7.1678,0.239,182145302.0,218390586.9
296,000001.SH,20190919,2999.2789,2992.9222,2999.2789,2975.3978,2985.6586,13.6203,0.4562,162690615.0,193206549.5
297,000001.SH,20190918,2985.6586,2984.0837,2996.4022,2982.4003,2978.1178,7.5408,0.2532,168046699.0,199953631.6
298,000001.SH,20190917,2978.1178,3023.7109,3023.7109,2970.5704,3030.7544,-52.6366,-1.7367,223338061.0,237738935.9
299,000001.SH,20190916,3030.7544,3041.922,3042.9284,3020.0495,3031.2351,-0.4807,-0.0159,221878959.0,237442265.4
300,000001.SH,20190912,3031.2351,3016.6267,3033.473,3005.1948,3008.8118,22.4233,0.7453,196968701.0,224576025.3
301,000001.SH,20190911,3008.8118,3029.9334,3030.557,3004.2152,3021.2024,-12.3906,-0.4101,229837362.0,263389555.0
302,000001.SH,20190910,3021.2024,3027.4103,3027.4103,3005.3825,3024.7388,-3.5364,-0.1169,240012947.0,275321751.6
303,000001.SH,20190909,3024.7388,3023.778,3026.2398,3005.6949,2999.6013,25.1375,0.838,243377752.0,286236532.1
304,000001.SH,20190906,2999.6013,2996.6216,2999.9434,2981.5983,2985.8648,13.7365,0.4601,216826035.0,258318744.9
305,000001.SH,20190905,2985.8648,2972.6619,3015.8443,2972.6619,2957.4116,28.4532,0.9621,305438706.0,340200666.6
306,000001.SH,20190904,2957.4116,2927.747,2957.4116,2925.8825,2930.1538,27.2578,0.9303,225495907.0,251212694.0
307,000001.SH,20190903,2930.1538,2925.9422,2930.1538,2915.1974,2924.1063,6.0475,0.2068,189001216.0,225070157.3
308,000001.SH,20190902,2924.1063,2886.9418,2928.4793,2883.6823,2886.2365,37.8698,1.3121,202786807.0,226043693.3
309,000001.SH,20190830,2886.2365,2907.3825,2914.5767,2874.1028,2890.9192,-4.6827,-0.162,193959951.0,224751169.9
310,000001.SH,20190829,2890.9192,2895.9991,2898.6046,2878.5878,2893.7564,-2.8372,-0.098,178613082.0,196332770.5
311,000001.SH,20190828,2893.7564,2901.6267,2905.4354,2887.0115,2902.1932,-8.4368,-0.2907,183097903.0,201805050.6
312,000001.SH,20190827,2902.1932,2879.5154,2919.6444,2879.406,2863.5673,38.6259,1.3489,208141794.0,230999692.9
313,000001.SH,20190826,2863.5673,2851.0158,2870.4939,2849.2381,2897.4253,-33.858,-1.1686,169895363.0,191036667.9
314,000001.SH,20190823,2897.4253,2885.151,2902.4563,2878.7443,2883.4358,13.9895,0.4852,159156826.0,192567132.7
315,000001.SH,20190822,2883.4358,2887.6649,2888.4969,2867.5522,2880.3307,3.1051,0.1078,149206215.0,169662167.2
316,000001.SH,20190821,2880.3307,2875.4708,2885.5861,2872.5573,2880.0012,0.3295,0.0114,159019665.0,183187275.2
317,000001.SH,20190820,2880.0012,2879.0816,2892.0796,2874.9988,2883.096,-3.0948,-0.1073,189677206.0,209774344.4
318,000001.SH,20190819,2883.096,2835.5181,2883.096,2829.8542,2823.8238,59.2722,2.099,214546668.0,247092216.3
319,000001.SH,20190816,2823.8238,2817.5708,2840.3164,2811.8016,2815.7976,8.0262,0.285,148582344.0,186139370.3
320,000001.SH,20190815,2815.7976,2762.339,2815.8964,2756.8341,2808.9146,6.883,0.245,152772152.0,173670539.2
321,000001.SH,20190814,2808.9146,2824.4864,2829.8906,2807.719,2797.2596,11.655,0.4167,144014641.0,173944883.3
322,000001.SH,20190813,2797.2596,2798.0512,2802.0415,2790.608,2814.9944,-17.7348,-0.63,130916505.0,153957510.6
323,000001.SH,20190812,2814.9944,2781.9816,2814.9944,2776.6197,2774.7532,40.2412,1.4503,131563433.0,162523259.8
324,000001.SH,20190809,2774.7532,2805.5856,2808.3289,2770.4777,2794.5523,-19.7991,-0.7085,148240293.0,171140338.8
325,000001.SH,20190808,2794.5523,2784.1835,2799.6859,2782.2447,2768.6795,25.8728,0.9345,149539564.0,178156148.4
326,000001.SH,20190807,2768.6795,2789.0187,2792.6934,2768.6795,2777.5559,-8.8764,-0.3196,157716752.0,176475728.4
327,000001.SH,20190806,2777.5559,2776.9889,2787.4185,2733.9242,2821.4957,-43.9398,-1.5573,231123727.0,255209231.2
328,000001.SH,20190805,2821.4957,2854.578,2863.6891,2821.4957,2867.8376,-46.3419,-1.6159,167419423.0,196891483.1
329,000001.SH,20190802,2867.8376,2861.3323,2872.473,2851.4402,2908.766,-40.9284,-1.4071,184888443.0,216327400.6
330,000001.SH,20190801,2908.766,2920.8506,2927.3421,2901.7503,2932.5058,-23.7398,-0.8095,142389813.0,171115635.7
331,000001.SH,20190731,2932.5058,2944.3977,2944.3977,2926.4853,2952.3383,-19.8325,-0.6718,141052348.0,164607873.5
332,000001.SH,20190730,2952.3383,2946.2566,2965.632,2946.2566,2941.007,11.3313,0.3853,148316462.0,170866349.9
333,000001.SH,20190729,2941.007,2943.918,2948.4665,2932.9773,2944.541,-3.534,-0.12,127991846.0,147439134.5
334,000001.SH,20190726,2944.541,2928.0614,2948.3261,2924.4513,2937.3601,7.1809,0.2445,139343388.0,158774666.1
335,000001.SH,20190725,2937.3601,2923.1886,2937.3601,2916.1498,2923.2775,14.0826,0.4817,145684385.0,175356381.7
336,000001.SH,20190724,2923.2775,2907.9275,2936.4522,2907.7865,2899.9446,23.3329,0.8046,155245762.0,178858104.0
337,000001.SH,20190723,2899.9446,2886.9044,2901.3591,2883.0457,2886.974,12.9706,0.4493,129310508.0,148077349.3
338,000001.SH,20190722,2886.974,2925.7882,2927.1601,2879.69,2924.2006,-37.2266,-1.2731,180674960.0,204289434.2
339,000001.SH,20190719,2924.2006,2909.6794,2939.5973,2909.6794,2901.1766,23.024,0.7936,149469553.0,149071212.0
340,000001.SH,20190718,2901.1766,2921.7387,2921.7387,2901.1766,2931.6926,-30.516,-1.0409,149888828.0,149088843.1
341,000001.SH,20190717,2931.6926,2933.0227,2942.0668,2924.4594,2937.6168,-5.9242,-0.2017,149631616.0,152162962.6
342,000001.SH,20190716,2937.6168,2938.6411,2944.821,2931.2926,2942.1853,-4.5685,-0.1553,131811751.0,140766389.0
343,000001.SH,20190715,2942.1853,2921.546,2955.0003,2886.6993,2930.5462,11.6391,0.3972,167643397.0,176533201.2
344,000001.SH,20190712,2930.5462,2915.3401,2938.5311,2905.809,2917.7609,12.7853,0.4382,137794759.0,142918869.6
345,000001.SH,20190711,2917.7609,2928.0553,2945.8023,2907.8852,2915.3022,2.4587,0.0843,143692522.0,152181408.0
346,000001.SH,20190710,2915.3022,2935.1855,2936.7519,2908.162,2928.2295,-12.9273,-0.4415,135483538.0,141236258.6
347,000001.SH,20190709,2928.2295,2928.8188,2937.7621,2912.8063,2933.3634,-5.1339,-0.175,145110604.0,154251421.8
348,000001.SH,20190708,2933.3634,2997.8067,2997.8067,2918.7157,3011.0588,-77.6954,-2.5803,211541268.0,205568813.5
349,000001.SH,20190705,3011.0588,3004.7383,3014.8474,2990.9247,3005.2488,5.81,0.1933,156755429.0,163180842.8
350,000001.SH,20190704,3005.2488,3015.6785,3024.5023,2991.9079,3015.2633,-10.0145,-0.3321,194415133.0,202266388.6
351,000001.SH,20190703,3015.2633,3031.832,3031.832,3006.3246,3043.9428,-28.6795,-0.9422,212296173.0,218657994.4
352,000001.SH,20190702,3043.9428,3042.58,3048.4839,3033.7809,3044.9028,-0.96,-0.0315,214520624.0,229566616.5
353,000001.SH,20190701,3044.9028,3024.6238,3045.3669,3014.6871,2978.8784,66.0244,2.2164,250840433.0,266541056.9
354,000001.SH,20190628,2978.8784,2992.2426,2992.2426,2961.2225,2996.7926,-17.9142,-0.5978,181431523.0,183641767.3
355,000001.SH,20190627,2996.7926,2982.6125,3011.538,2981.045,2976.2837,20.5089,0.6891,195397049.0,208618648.1
356,000001.SH,20190626,2976.2837,2964.6153,2986.9139,2958.4632,2982.0738,-5.7901,-0.1942,174449533.0,172516055.2
357,000001.SH,20190625,2982.0738,3004.9095,3004.9095,2948.9907,3008.1479,-26.0741,-0.8668,243699244.0,244315077.4
358,000001.SH,20190624,3008.1479,3004.2891,3012.826,2994.4219,3001.9802,6.1677,0.2055,210493894.0,211237183.0
359,000001.SH,20190621,3001.9802,2990.3687,3010.349,2989.2454,2987.1186,14.8616,0.4975,286973835.0,276662458.5
360,000001.SH,20190620,2987.1186,2917.331,2997.3888,2915.0895,2917.8029,69.3157,2.3756,291011537.0,288296546.4
361,000001.SH,20190619,2917.8029,2944.1154,2953.3355,2916.2149,2890.158,27.6449,0.9565,230756973.0,225567258.0
362,000001.SH,20190618,2890.158,2891.0917,2898.3304,2874.3129,2887.6221,2.5359,0.0878,147705320.0,136935231.7
363,000001.SH,20190617,2887.6113,2880.4226,2902.4808,2877.3941,2881.9743,5.637,0.1956,153964960.0,143141637.3
364,000001.SH,20190614,2881.9743,2912.9988,2924.3197,2879.6573,2910.7406,-28.7663,-0.9883,215435796.0,194303111.8
365,000001.SH,20190613,2910.7406,2905.2877,2918.4227,2885.9232,2909.3796,1.361,0.0468,212957791.0,191748206.7
366,000001.SH,20190612,2909.3796,2917.2239,2924.7018,2903.8833,2925.7162,-16.3366,-0.5584,240255775.0,223063953.3
367,000001.SH,20190611,2925.7162,2854.0704,2927.4303,2854.0704,2852.1302,73.586,2.58,260525796.0,254479985.8
368,000001.SH,20190610,2852.1302,2833.0145,2861.131,2824.3554,2827.7978,24.3324,0.8605,166585918.0,162489831.4
369,000001.SH,20190606,2827.7978,2862.3327,2862.3327,2822.1853,2861.4181,-33.6203,-1.175,177064411.0,164850546.7
370,000001.SH,20190605,2861.4181,2882.9369,2888.7676,2858.5719,2862.2803,-0.8622,-0.0301,181561047.0,175200844.2
371,000001.SH,20190604,2862.2803,2887.6405,2888.3861,2851.9728,2890.0809,-27.8006,-0.9619,188463541.0,181118915.5
372,000001.SH,20190603,2890.0809,2901.7424,2920.8292,2875.9019,2898.6961,-8.6152,-0.2972,215943554.0,208073320.3
373,000001.SH,20190531,2898.6961,2904.4976,2922.9075,2895.5778,2905.8054,-7.1093,-0.2447,195230580.0,191280403.6
374,000001.SH,20190530,2905.8054,2903.4246,2907.8463,2881.3802,2914.6964,-8.891,-0.305,205758789.0,197105555.8
375,000001.SH,20190529,2914.6964,2894.8297,2934.9768,2890.6645,2909.9106,4.7858,0.1645,198958821.0,202855039.2
376,000001.SH,20190528,2909.9106,2890.2658,2924.0395,2887.0835,2892.3782,17.5324,0.6062,223310557.0,227253813.7
377,000001.SH,20190527,2892.3782,2851.2809,2898.129,2833.0363,2852.9948,39.3834,1.3804,196720902.0,193768714.3
378,000001.SH,20190524,2852.9948,2847.8356,2871.8555,2846.0215,2852.5153,0.4795,0.0168,167205490.0,162689316.2
379,000001.SH,20190523,2852.5153,2880.8426,2885.1389,2846.956,2891.7046,-39.1893,-1.3552,197340309.0,192869487.3
380,000001.SH,20190522,2891.7046,2905.5241,2912.3952,2879.6437,2905.9688,-14.2642,-0.4909,200026905.0,193629366.6
381,000001.SH,20190521,2905.9688,2867.7066,2919.2373,2862.4951,2870.6046,35.3642,1.2319,211387022.0,202777774.1
382,000001.SH,20190520,2870.6046,2874.8011,2882.6294,2838.453,2882.2962,-11.6916,-0.4056,209472442.0,199210776.2
383,000001.SH,20190517,2882.2962,2955.7669,2956.7832,2873.7998,2955.711,-73.4148,-2.4838,266301643.0,247875177.7
384,000001.SH,20190516,2955.711,2933.4954,2956.171,2929.0645,2938.6781,17.0329,0.5796,248385701.0,226203068.9
385,000001.SH,20190515,2938.6781,2902.6423,2945.3946,2902.6423,2883.6107,55.0674,1.9097,230519701.0,226262785.6
386,000001.SH,20190514,2883.6107,2872.8336,2909.2041,2872.8336,2903.7131,-20.1024,-0.6923,208345353.0,201223315.4
387,000001.SH,20190513,2903.7131,2905.067,2921.4103,2892.1745,2939.2106,-35.4975,-1.2077,212029882.0,202624125.0
388,000001.SH,20190510,2939.2106,2878.2344,2941.4539,2838.3847,2850.9537,88.2569,3.0957,282306808.0,274176262.0
389,000001.SH,20190509,2850.9537,2871.1968,2888.8596,2845.0374,2893.7567,-42.803,-1.4791,200041133.0,197446880.7
390,000001.SH,20190508,2893.7567,2873.1433,2929.4306,2866.7041,2926.3908,-32.6341,-1.1152,231530519.0,218892618.3
391,000001.SH,20190507,2926.3908,2914.2914,2937.2832,2889.0732,2906.464,19.9268,0.6856,253281769.0,245444215.2
392,000001.SH,20190506,2906.464,2984.7273,2986.5399,2876.4688,3078.3389,-171.8749,-5.5834,326972269.0,314336519.4
393,000001.SH,20190430,3078.3389,3052.6223,3088.4074,3052.6223,3062.4985,15.8404,0.5172,222302517.0,225498129.2
394,000001.SH,20190429,3062.4985,3090.6331,3107.7605,3050.0261,3086.3989,-23.9004,-0.7744,292114886.0,289063278.9
395,000001.SH,20190426,3086.3989,3108.1635,3129.2134,3085.8049,3123.8261,-37.4272,-1.1981,280873854.0,274776402.3
396,000001.SH,20190425,3123.8261,3190.5851,3193.7494,3123.0258,3201.6137,-77.7876,-2.4296,325879129.0,309076083.7
397,000001.SH,20190424,3201.6137,3203.5588,3210.6508,3156.607,3198.5938,3.0199,0.0944,274872164.0,278410852.5
398,000001.SH,20190423,3198.5938,3211.8719,3231.5815,3186.7569,3215.0426,-16.4488,-0.5116,328361207.0,324870183.4
399,000001.SH,20190422,3215.0426,3278.4906,3279.4894,3206.878,3270.7973,-55.7547,-1.7046,353217387.0,359154297.1
400,000001.SH,20190419,3270.7973,3250.1452,3274.3347,3226.8124,3250.2012,20.5961,0.6337,315198004.0,315131920.2
401,000001.SH,20190418,3250.2012,3261.0742,3271.3878,3241.8257,3263.1179,-12.9167,-0.3958,325539942.0,323508178.6
402,000001.SH,20190417,3263.1179,3250.1518,3275.3335,3239.8048,3253.5978,9.5201,0.2926,357541796.0,354509888.1
403,000001.SH,20190416,3253.5978,3164.3969,3253.5978,3153.2062,3177.7866,75.8112,2.3857,357918752.0,360166633.6
404,000001.SH,20190415,3177.7866,3233.4583,3253.9763,3177.2698,3188.6256,-10.839,-0.3399,348809785.0,355666127.7
405,000001.SH,20190412,3188.6256,3184.8595,3199.278,3168.0421,3189.9619,-1.3363,-0.0419,289788996.0,288908971.2
406,000001.SH,20190411,3189.9619,3241.5474,3254.1259,3185.546,3241.9299,-51.968,-1.603,353031879.0,360684555.9
407,000001.SH,20190410,3241.9299,3224.6454,3264.7778,3204.8785,3239.6639,2.266,0.0699,380134408.0,395669974.9
408,000001.SH,20190409,3239.6639,3240.3938,3251.6458,3215.7048,3244.8103,-5.1464,-0.1586,364169997.0,380272975.9
409,000001.SH,20190408,3244.8103,3271.2722,3288.4531,3210.5151,3246.5714,-1.7611,-0.0542,504518403.0,506431236.8
410,000001.SH,20190404,3246.5714,3233.6886,3254.1401,3216.8545,3216.2952,30.2762,0.9413,469117669.0,475156382.1
411,000001.SH,20190403,3216.2952,3159.1468,3219.2564,3152.3319,3176.8227,39.4725,1.2425,430548635.0,442622041.0
412,000001.SH,20190402,3176.8227,3183.2736,3193.2717,3164.9066,3170.361,6.4617,0.2038,447068981.0,462662081.8
413,000001.SH,20190401,3170.361,3111.6619,3176.6221,3111.6619,3090.758,79.603,2.5755,466124693.0,480085938.4
414,000001.SH,20190329,3090.758,3000.6783,3093.0329,2999.9866,2994.9434,95.8146,3.1992,375082991.0,386699608.7
415,000001.SH,20190328,2994.9434,3009.7988,3025.7789,2991.7789,3022.7196,-27.7762,-0.9189,288106425.0,289554565.5
416,000001.SH,20190327,3022.7196,3012.2573,3022.7623,2987.7717,2997.0954,25.6242,0.855,291390357.0,295075954.8
417,000001.SH,20190326,2997.0954,3057.559,3062.6896,2988.4905,3043.0313,-45.9359,-1.5095,353498021.0,341444826.6
418,000001.SH,20190325,3043.0313,3058.8016,3086.9961,3041.9504,3104.1487,-61.1174,-1.9689,380278762.0,375375662.8
419,000001.SH,20190322,3104.1487,3100.7264,3107.2754,3064.884,3101.455,2.6937,0.0869,364848346.0,356678335.0
420,000001.SH,20190321,3101.455,3094.1247,3125.0192,3086.85,3090.6403,10.8147,0.3499,414251182.0,403939834.7
421,000001.SH,20190320,3090.6403,3084.1704,3102.5203,3053.4519,3090.975,-0.3347,-0.0108,358557505.0,349295405.5
422,000001.SH,20190319,3090.975,3099.8971,3113.4325,3076.3627,3096.4176,-5.4426,-0.1758,350908860.0,353216791.3
423,000001.SH,20190318,3096.4176,3027.8012,3096.4176,3009.5071,3021.7512,74.6664,2.471,397797179.0,398469604.8
424,000001.SH,20190315,3021.7512,3000.8789,3048.1212,2999.4317,2990.685,31.0662,1.0388,341206139.0,344721502.7
425,000001.SH,20190314,2990.685,3013.597,3041.1557,2968.8237,3026.9513,-36.2663,-1.1981,373141798.0,356240351.2
426,000001.SH,20190313,3026.9513,3062.3267,3065.2884,3013.9319,3060.3073,-33.356,-1.09,453214625.0,451247303.7
427,000001.SH,20190312,3060.3073,3049.0844,3093.3913,3029.8999,3026.9925,33.3148,1.1006,511173158.0,487066630.2
428,000001.SH,20190311,3026.9925,2969.0802,3028.2543,2963.5834,2969.8614,57.1311,1.9237,426213029.0,404368420.3
429,000001.SH,20190308,2969.8614,3038.3362,3075.0461,2969.5815,3106.4179,-136.5565,-4.3959,577855473.0,525598246.4
430,000001.SH,20190307,3106.4179,3103.6677,3129.9395,3074.9784,3102.0991,4.3188,0.1392,583817065.0,525725224.7
431,000001.SH,20190306,3102.0991,3060.4327,3103.8251,3050.1113,3054.2466,47.8525,1.5668,555006365.0,485478321.3
432,000001.SH,20190305,3054.2466,3019.8797,3054.9617,3009.4476,3027.5755,26.6711,0.8809,424142529.0,382768537.2
433,000001.SH,20190304,3027.5755,3015.9427,3090.7959,3006.9417,2994.005,33.5705,1.1213,525649436.0,480603655.5
434,000001.SH,20190301,2994.005,2954.4021,2994.005,2930.8345,2940.9538,53.0512,1.8039,345786200.0,307337666.7
435,000001.SH,20190228,2940.9538,2950.0548,2965.3037,2930.195,2953.8242,-12.8704,-0.4357,350206602.0,298763953.1
436,000001.SH,20190227,2953.8242,2939.9287,2997.4882,2924.6432,2941.5163,12.3079,0.4184,474976453.0,411837618.7
437,000001.SH,20190226,2941.5163,2969.0976,2995.6762,2938.6227,2961.2834,-19.7671,-0.6675,565557967.0,492396545.2
438,000001.SH,20190225,2961.2834,2838.3896,2961.7951,2838.3896,2804.2262,157.0572,5.6007,528658590.0,465991432.6
439,000001.SH,20190222,2804.2262,2749.4615,2804.2262,2736.3324,2751.8012,52.425,1.9051,301481411.0,264518879.2
440,000001.SH,20190221,2751.8012,2759.9383,2794.0131,2744.9762,2761.2189,-9.4177,-0.3411,298649969.0,253033376.9
441,000001.SH,20190220,2761.2189,2761.0588,2767.4109,2739.9783,2755.6459,5.573,0.2022,245972527.0,205446929.3
442,000001.SH,20190219,2755.6459,2759.496,2780.7837,2737.5864,2754.3566,1.2893,0.0468,288046271.0,247121050.5
443,000001.SH,20190218,2754.3566,2699.8171,2754.3566,2699.8171,2682.385,71.9716,2.6831,260436007.0,224184077.2
444,000001.SH,20190215,2682.385,2712.7862,2715.6321,2679.7849,2719.6999,-37.3149,-1.372,196004265.0,169823260.3
445,000001.SH,20190214,2719.6999,2715.5358,2729.455,2707.4865,2721.0683,-1.3684,-0.0503,197037349.0,170330837.1
446,000001.SH,20190213,2721.0683,2674.5198,2727.075,2666.522,2671.8937,49.1746,1.8404,243794010.0,207125315.9
447,000001.SH,20190212,2671.8937,2654.0349,2674.4778,2648.8295,2653.896,17.9977,0.6782,184101179.0,156741540.4
448,000001.SH,20190211,2653.896,2613.1742,2654.0964,2613.1742,2618.2323,35.6637,1.3621,154898858.0,137307190.0
449,000001.SH,20190201,2618.2323,2597.7777,2618.4765,2590.5543,2584.5724,33.6599,1.3023,131986850.0,111522628.3
450,000001.SH,20190131,2584.5724,2581.3315,2606.6283,2571.5789,2575.5756,8.9968,0.3493,154303869.0,126013247.4
451,000001.SH,20190130,2575.5756,2584.7459,2598.815,2575.4091,2594.2536,-18.678,-0.72,120502571.0,101103927.5
452,000001.SH,20190129,2594.2536,2592.3549,2601.7358,2559.982,2596.9767,-2.7231,-0.1049,155581112.0,126749049.4
453,000001.SH,20190128,2596.9767,2615.7118,2630.3183,2591.1,2601.7234,-4.7467,-0.1824,146981765.0,127465636.7
454,000001.SH,20190125,2601.7234,2596.2618,2617.0022,2595.6294,2591.6935,10.0299,0.387,159394026.0,135415167.7
455,000001.SH,20190124,2591.6935,2584.6481,2597.2894,2569.7004,2581.0041,10.6894,0.4142,154042046.0,131575040.3
456,000001.SH,20190123,2581.0041,2575.2583,2589.5128,2572.4054,2579.7041,1.3,0.0504,131426798.0,105101323.6
457,000001.SH,20190122,2579.7041,2609.6421,2609.6421,2573.0617,2610.5094,-30.8053,-1.18,152537773.0,122995435.4
458,000001.SH,20190121,2610.5094,2599.0575,2618.9801,2599.0575,2596.0056,14.5038,0.5587,163425115.0,139915486.2
459,000001.SH,20190118,2596.0056,2567.7386,2598.8836,2565.9043,2559.637,36.3686,1.4208,190767237.0,151270430.6
460,000001.SH,20190117,2559.637,2573.5755,2582.556,2557.7114,2570.422,-10.785,-0.4196,162468134.0,127546126.7
461,000001.SH,20190116,2570.4221,2569.0697,2574.2362,2563.0061,2570.3449,0.0772,0.003,149301539.0,126876314.4
462,000001.SH,20190115,2570.3449,2537.3697,2571.5016,2532.4333,2535.7653,34.5796,1.3637,160265530.0,137374981.3
463,000001.SH,20190114,2535.7653,2553.3284,2556.2939,2533.0101,2553.8312,-18.0659,-0.7074,144825464.0,116243416.8
464,000001.SH,20190111,2553.8313,2539.5487,2554.7869,2533.3586,2535.0985,18.7328,0.7389,149444100.0,122375663.4
465,000001.SH,20190110,2535.0985,2543.8534,2551.8257,2531.6638,2544.3449,-9.2464,-0.3634,159874326.0,132692331.5
466,000001.SH,20190109,2544.3449,2536.4173,2574.4079,2536.157,2526.4622,17.8827,0.7078,191887930.0,160812527.0
467,000001.SH,20190108,2526.4622,2530.3001,2531.345,2520.1648,2533.0886,-6.6264,-0.2616,158099181.0,123379039.8
468,000001.SH,20190107,2533.0887,2528.6987,2536.9775,2515.5083,2514.8682,18.2205,0.7245,177305010.0,145513241.6
469,000001.SH,20190104,2514.8682,2446.0193,2515.316,2440.9066,2464.3628,50.5054,2.0494,168877667.0,139298675.0
470,000001.SH,20190103,2464.3628,2461.7829,2488.479,2455.9256,2465.291,-0.9282,-0.0377,124397497.0,106922789.5
471,000001.SH,20190102,2465.291,2497.8805,2500.2783,2456.4233,2493.8962,-28.6052,-1.147,109932013.0,97592572.0
472,000001.SH,20181228,2493.8962,2483.6171,2505.1138,2478.325,2483.0864,10.8098,0.4353,119245250.0,105980853.0
473,000001.SH,20181227,2483.0864,2527.7167,2532.0022,2483.0864,2498.2939,-15.2075,-0.6087,135406843.0,112479760.5
474,000001.SH,20181226,2498.2939,2501.1199,2513.8264,2492.0758,2504.819,-6.5251,-0.2605,108799629.0,93989532.6
475,000001.SH,20181225,2504.819,2503.9498,2513.9641,2462.8448,2527.007,-22.188,-0.878,140670560.0,114766008.8
476,000001.SH,20181224,2527.0071,2506.7372,2529.4395,2500.443,2516.2505,10.7566,0.4275,97339852.0,85760935.8
477,000001.SH,20181221,2516.2506,2526.5535,2527.4214,2498.6937,2536.2675,-20.0169,-0.7892,115671200.0,101360622.8
478,000001.SH,20181220,2536.2675,2544.5054,2554.8586,2516.0193,2549.5634,-13.2959,-0.5215,120566496.0,103504982.7
479,000001.SH,20181219,2549.5634,2578.675,2579.8743,2547.0783,2576.6495,-27.0861,-1.0512,107661797.0,93713175.0
480,000001.SH,20181218,2576.6495,2583.6343,2599.1479,2563.5731,2597.9737,-21.3242,-0.8208,117033370.0,99306536.4
481,000001.SH,20181217,2597.9737,2587.2632,2598.967,2573.8674,2593.7406,4.2331,0.1632,117363250.0,102960848.5
482,000001.SH,20181214,2593.7407,2627.2833,2629.1641,2593.7407,2634.0491,-40.3084,-1.5303,145942488.0,123724985.2
483,000001.SH,20181213,2634.0491,2607.144,2645.8367,2599.4586,2602.1526,31.8965,1.2258,150738115.0,132396107.0
484,000001.SH,20181212,2602.1526,2608.1141,2610.0086,2595.075,2594.0881,8.0645,0.3109,103518301.0,88998195.8
485,000001.SH,20181211,2594.0881,2587.0148,2596.1464,2583.1959,2584.5821,9.506,0.3678,101304364.0,85404123.4
